scenario,demand_change_pct,lead_time_change_pct,transport_cost_change_pct,stockout_rate,fill_rate,projected_inventory_aed,projected_transport_cost_aed,revenue_at_risk_aed
Baseline (no change),0,0,0,0.139,0.861,50526.8,460609.37,344046.58
Demand +10%,10,0,0,0.3013,0.6987,55579.48,506670.31,820619.53
Demand +30% (max),30,0,0,0.636,0.364,65684.84,598792.18,2046881.37
Demand -20% (max),-20,0,0,0.0042,0.9958,40421.44,368487.5,8281.88
Lead time +50% (max),0,50,0,0.886,0.114,75790.21,460609.37,2193638.86
Lead time -30% (max),0,-30,0,0.0009,0.9991,35368.76,460609.37,2135.65
Transport cost +40% (max),0,0,40,0.139,0.861,50526.8,644853.12,344046.58
Combined stress (worst case),30,50,40,0.9912,0.0088,98527.27,838309.05,3190337.75
Combined relief (best case),-20,-30,-20,0.0,1.0,28295.01,294790.0,0.6
